{"train_loss": [5.893045916480766, 2.96425771398067, 1.7039028051329514], "val_loss": [3.8514354166596436, 2.738910733613857, 2.2756840349283327], "val_acc": [0.28036364912986755, 0.4659999907016754, 0.5522727370262146], "val_prec": [0.28752902150154114, 0.49946436285972595, 0.5940587520599365]}
